Aspect,Current_Implementation,Enhanced_Implementation,Improvement_Factor
Intent Recognition,Basic keyword matching,Hierarchical classification with confidence,5x accuracy
Context Awareness,No conversation history,Full conversation and scene context,10x context awareness
Parameter Extraction,Simple regex patterns,NER with semantic understanding,3x parameter detection
Error Handling,Basic try-catch blocks,Multi-layer retry with recovery,8x reliability
AI Integration,Single provider fallback,Intelligent multi-provider with caching,4x availability
Validation,Minimal validation,Semantic and geometric validation,6x validation coverage
Performance,Synchronous processing,Async processing with optimization,3x speed
User Experience,Limited error feedback,Rich feedback and guidance,7x user satisfaction
Maintainability,Monolithic structure,Modular architecture,5x maintainability
Extensibility,Hard to add new commands,Plugin-based command system,10x extensibility
